Datetime,Water Level (m)
2025-06-22 18:00:00,-0.45083538
2025-06-22 19:00:00,-0.43475387
2025-06-22 20:00:00,-0.23974976
2025-06-22 21:00:00,0.07544544
2025-06-22 22:00:00,0.45629627
2025-06-22 23:00:00,0.7998636
2025-06-23 00:00:00,1.0351309
2025-06-23 01:00:00,1.1202383
2025-06-23 02:00:00,1.0300369
2025-06-23 03:00:00,0.7995978
2025-06-23 04:00:00,0.49974075
2025-06-23 05:00:00,0.18248738
2025-06-23 06:00:00,-0.06059052
2025-06-23 07:00:00,-0.178809
2025-06-23 08:00:00,-0.14717275
2025-06-23 09:00:00,0.018995712
2025-06-23 10:00:00,0.27575362
2025-06-23 11:00:00,0.5457126
2025-06-23 12:00:00,0.73947984
2025-06-23 13:00:00,0.82279307
2025-06-23 14:00:00,0.75619733
2025-06-23 15:00:00,0.5304301
2025-06-23 16:00:00,0.21916166
2025-06-23 17:00:00,-0.12047808
2025-06-23 18:00:00,-0.38850054
2025-06-23 19:00:00,-0.5198469
2025-06-23 20:00:00,-0.45436063
2025-06-23 21:00:00,-0.20808363
2025-06-23 22:00:00,0.15246525
2025-06-23 23:00:00,0.55638915
2025-06-24 00:00:00,0.90595573
2025-06-24 01:00:00,1.1543444
2025-06-24 02:00:00,1.2177336
2025-06-24 03:00:00,1.1084905
2025-06-24 04:00:00,0.8454534
2025-06-24 05:00:00,0.4900911
2025-06-24 06:00:00,0.13112071
2025-06-24 07:00:00,-0.13902411
2025-06-24 08:00:00,-0.2652571
2025-06-24 09:00:00,-0.19576114
2025-06-24 10:00:00,-0.0060487958
2025-06-24 11:00:00,0.29231986
2025-06-24 12:00:00,0.57950085
2025-06-24 13:00:00,0.77376395
2025-06-24 14:00:00,0.82903785
2025-06-24 15:00:00,0.74087054
2025-06-24 16:00:00,0.48959526
2025-06-24 17:00:00,0.15516068
2025-06-24 18:00:00,-0.18617103
2025-06-24 19:00:00,-0.4463662
2025-06-24 20:00:00,-0.54847986
2025-06-24 21:00:00,-0.46251526
2025-06-24 22:00:00,-0.18730973
2025-06-24 23:00:00,0.20603034
2025-06-25 00:00:00,0.6305552
2025-06-25 01:00:00,1.002934
2025-06-25 02:00:00,1.2195966
2025-06-25 03:00:00,1.2407655
2025-06-25 04:00:00,1.0817391
2025-06-25 05:00:00,0.7688287
2025-06-25 06:00:00,0.37722352
2025-06-25 07:00:00,0.009482682
2025-06-25 08:00:00,-0.26463804
2025-06-25 09:00:00,-0.3665243
2025-06-25 10:00:00,-0.29011592
2025-06-25 11:00:00,-0.05367168
2025-06-25 12:00:00,0.26733866
2025-06-25 13:00:00,0.5691955
2025-06-25 14:00:00,0.77706796
2025-06-25 15:00:00,0.83062524
2025-06-25 16:00:00,0.70355123
2025-06-25 17:00:00,0.4283869
2025-06-25 18:00:00,0.07870731
2025-06-25 19:00:00,-0.2624913
2025-06-25 20:00:00,-0.48569146
2025-06-25 21:00:00,-0.5527327
2025-06-25 22:00:00,-0.42016685
2025-06-25 23:00:00,-0.11551736
2025-06-26 00:00:00,0.2973657
2025-06-26 01:00:00,0.73298514
2025-06-26 02:00:00,1.0815252
2025-06-26 03:00:00,1.2798952
2025-06-26 04:00:00,1.2602895
2025-06-26 05:00:00,1.0499978
2025-06-26 06:00:00,0.69426554
2025-06-26 07:00:00,0.282017
2025-06-26 08:00:00,-0.09244357
2025-06-26 09:00:00,-0.33736736
2025-06-26 10:00:00,-0.40220255
2025-06-26 11:00:00,-0.27630764
2025-06-26 12:00:00,-0.0061539076
2025-06-26 13:00:00,0.32611325
2025-06-26 14:00:00,0.6376633
2025-06-26 15:00:00,0.8113458
2025-06-26 16:00:00,0.84177047
2025-06-26 17:00:00,0.67838305
2025-06-26 18:00:00,0.3884416
2025-06-26 19:00:00,0.03695818
2025-06-26 20:00:00,-0.280892
2025-06-26 21:00:00,-0.48443255
2025-06-26 22:00:00,-0.5072964
2025-06-26 23:00:00,-0.33355525
2025-06-27 00:00:00,0.002556667
2025-06-27 01:00:00,0.4300633
2025-06-27 02:00:00,0.83922875
2025-06-27 03:00:00,1.15693
2025-06-27 04:00:00,1.292831
2025-06-27 05:00:00,1.2186757
2025-06-27 06:00:00,0.96294296
2025-06-27 07:00:00,0.58887947
2025-06-27 08:00:00,0.17513311
2025-06-27 09:00:00,-0.16620035
2025-06-27 10:00:00,-0.3709755
2025-06-27 11:00:00,-0.3819024
2025-06-27 12:00:00,-0.21291316
2025-06-27 13:00:00,0.08412223
2025-06-27 14:00:00,0.42106086
2025-06-27 15:00:00,0.6943073
2025-06-27 16:00:00,0.8412136
2025-06-27 17:00:00,0.8166681
2025-06-27 18:00:00,0.63049114
2025-06-27 19:00:00,0.32846865
2025-06-27 20:00:00,-0.0045211986
2025-06-27 21:00:00,-0.27809307
2025-06-27 22:00:00,-0.42994976
2025-06-27 23:00:00,-0.4049192
2025-06-28 00:00:00,-0.19814071
2025-06-28 01:00:00,0.15555714
2025-06-28 02:00:00,0.57293177
2025-06-28 03:00:00,0.9466691
2025-06-28 04:00:00,1.2004644
2025-06-28 05:00:00,1.2605995
2025-06-28 06:00:00,1.1290473
2025-06-28 07:00:00,0.83981806
2025-06-28 08:00:00,0.4594123
2025-06-28 09:00:00,0.08423562
2025-06-28 10:00:00,-0.21202715
2025-06-28 11:00:00,-0.35165375
2025-06-28 12:00:00,-0.30554023
2025-06-28 13:00:00,-0.11134192
2025-06-28 14:00:00,0.1946045
2025-06-28 15:00:00,0.5077599
2025-06-28 16:00:00,0.74016696
2025-06-28 17:00:00,0.83878
2025-06-28 18:00:00,0.76727873
